Workbook

Sheet Lead Tracker
A1: THE CASE FOR GROWTH
A2: thecaseforgrowth.com
A4: LEAD CONVERSION TRACKER
A5: Track leads from first contact through to signed client
A7: Date | B7: Lead Name | C7: Contact | D7: Source | E7: Practice Area | F7: Stage | G7: Consultation Date | H7: Follow-Up | I7: Status | J7: Est. Case Value | K7: Probability % | L7: Weighted Value | M7: Notes
A8: 45662 | B8: John Smith | C8: 555-1234 | D8: Google Ads | E8: Personal Injury | F8: Consultation | G8: 45667 | H8: 45668 | I8: Hot | J8: 25000 | K8: 0.6 | L8: =J8*K8 | M8: Consultation completed, very interested
A9: 45663 | B9: Mary Johnson | C9: 555-5678 | D9: Referral | E9: Family Law | F9: Initial Contact | H9: 45665 | I9: Contacted | J9: 10000 | K9: 0.3 | L9: =J9*K9 | M9: Qualified lead, scheduling consultation
A10: 45664 | B10: Bob Wilson | C10: 555-9012 | D10: Website | E10: Criminal Defense | F10: Proposal Sent | G10: 45669 | H10: 45672 | I10: Warm | J10: 15000 | K10: 0.75 | L10: =J10*K10 | M10: Reviewing engagement letter
A11: 45665 | B11: Sarah Davis | C11: 555-3456 | D11: Facebook | E11: Estate Planning | F11: Signed Client | G11: 45666 | I11: Won | J11: 5000 | K11: 1 | L11: =J11*K11 | M11: Retainer agreement signed
A12: 45666 | B12: Mike Brown | C12: 555-7890 | D12: Google Ads | E12: Personal Injury | F12: Initial Contact | H12: 45669 | I12: New | J12: 30000 | K12: 0.2 | L12: =J12*K12 | M12: Just received inquiry
J13: 0 | K13: 0 | L13: =J13*K13
J14: 0 | K14: 0 | L14: =J14*K14
J15: 0 | K15: 0 | L15: =J15*K15
J16: 0 | K16: 0 | L16: =J16*K16
J17: 0 | K17: 0 | L17: =J17*K17
J18: 0 | K18: 0 | L18: =J18*K18
J19: 0 | K19: 0 | L19: =J19*K19
J20: 0 | K20: 0 | L20: =J20*K20
J21: 0 | K21: 0 | L21: =J21*K21
J22: 0 | K22: 0 | L22: =J22*K22
J23: 0 | K23: 0 | L23: =J23*K23
J24: 0 | K24: 0 | L24: =J24*K24
... J57: 0 | K57: 0 | L57: =J57*K57
A59: TOTALS | B59: =COUNTA(B8:B57) | J59: =SUM(J8:J57) | L59: =SUM(L8:L57)

Sheet Conversion Funnel
A1: THE CASE FOR GROWTH
A2: thecaseforgrowth.com
A4: CONVERSION FUNNEL ANALYSIS
A6: Funnel Stage | B6: Count | C6: Conversion Rate | D6: Drop-off Rate | E6: Notes
A7: Total Leads | B7: =COUNTA('Lead Tracker'!B8:B58) | E7: All inquiries received
A8: Initial Contact Made | B8: =COUNTIFS('Lead Tracker'!F8:F58,"Initial Contact",'Lead Tracker'!F8:F58,"Consultation",'Lead Tracker'!F8:F58,"Proposal Sent",'Lead Tracker'!F8:F58,"Signed Client") | C8: =B8/B7 | D8: =1-C8 | E8: Successfully contacted
A9: Consultation Scheduled | B9: =COUNTIFS('Lead Tracker'!F8:F58,"Consultation",'Lead Tracker'!F8:F58,"Proposal Sent",'Lead Tracker'!F8:F58,"Signed Client") | C9: =B9/B7 | D9: =1-C9 | E9: Appointment set
A10: Proposal Sent | B10: =COUNTIFS('Lead Tracker'!F8:F58,"Proposal Sent",'Lead Tracker'!F8:F58,"Signed Client") | C10: =B10/B7 | D10: =1-C10 | E10: Engagement letter sent
A11: Signed Client | B11: =COUNTIF('Lead Tracker'!F8:F58,"Signed Client") | C11: =B11/B7 | D11: =1-C11 | E11: Successfully retained
A14: KEY METRICS
A15: Overall Conversion Rate: | B15: =B11/B7
A16: Avg. Days to Close: | B16: =AVERAGE(IF('Lead Tracker'!I8:I58="Won",'Lead Tracker'!G8:G58-'Lead Tracker'!A8:A58))
A17: Pipeline Value: | B17: ='Lead Tracker'!L59

Sheet Source Performance
A1: THE CASE FOR GROWTH
A2: thecaseforgrowth.com
A4: LEAD SOURCE PERFORMANCE
A6: Lead Source | B6: Total Leads | C6: Signed Clients | D6: Conversion Rate | E6: Total Value | F6: Avg. Value
A7: Google Ads | B7: =COUNTIF('Lead Tracker'!D8:D58,A7) | C7: =COUNTIFS('Lead Tracker'!D8:D58,A7,'Lead Tracker'!I8:I58,"Won") | D7: =IF(B7>0,C7/B7,0) | E7: =SUMIFS('Lead Tracker'!J8:J58,'Lead Tracker'!D8:D58,A7,'Lead Tracker'!I8:I58,"Won") | F7: =IF(C7>0,E7/C7,0)
A8: Referral | B8: =COUNTIF('Lead Tracker'!D8:D58,A8) | C8: =COUNTIFS('Lead Tracker'!D8:D58,A8,'Lead Tracker'!I8:I58,"Won") | D8: =IF(B8>0,C8/B8,0) | E8: =SUMIFS('Lead Tracker'!J8:J58,'Lead Tracker'!D8:D58,A8,'Lead Tracker'!I8:I58,"Won") | F8: =IF(C8>0,E8/C8,0)
A9: Website | B9: =COUNTIF('Lead Tracker'!D8:D58,A9) | C9: =COUNTIFS('Lead Tracker'!D8:D58,A9,'Lead Tracker'!I8:I58,"Won") | D9: =IF(B9>0,C9/B9,0) | E9: =SUMIFS('Lead Tracker'!J8:J58,'Lead Tracker'!D8:D58,A9,'Lead Tracker'!I8:I58,"Won") | F9: =IF(C9>0,E9/C9,0)
A10: Facebook | B10: =COUNTIF('Lead Tracker'!D8:D58,A10) | C10: =COUNTIFS('Lead Tracker'!D8:D58,A10,'Lead Tracker'!I8:I58,"Won") | D10: =IF(B10>0,C10/B10,0) | E10: =SUMIFS('Lead Tracker'!J8:J58,'Lead Tracker'!D8:D58,A10,'Lead Tracker'!I8:I58,"Won") | F10: =IF(C10>0,E10/C10,0)
A11: LinkedIn | B11: =COUNTIF('Lead Tracker'!D8:D58,A11) | C11: =COUNTIFS('Lead Tracker'!D8:D58,A11,'Lead Tracker'!I8:I58,"Won") | D11: =IF(B11>0,C11/B11,0) | E11: =SUMIFS('Lead Tracker'!J8:J58,'Lead Tracker'!D8:D58,A11,'Lead Tracker'!I8:I58,"Won") | F11: =IF(C11>0,E11/C11,0)
A12: Other | B12: =COUNTIF('Lead Tracker'!D8:D58,A12) | C12: =COUNTIFS('Lead Tracker'!D8:D58,A12,'Lead Tracker'!I8:I58,"Won") | D12: =IF(B12>0,C12/B12,0) | E12: =SUMIFS('Lead Tracker'!J8:J58,'Lead Tracker'!D8:D58,A12,'Lead Tracker'!I8:I58,"Won") | F12: =IF(C12>0,E12/C12,0)
A13: TOTAL | B13: =SUM(B7:B12) | C13: =SUM(C7:C12) | D13: =C13/B13 | E13: =SUM(E7:E12) | F13: =E13/C13

Sheet Monthly Summary
A1: THE CASE FOR GROWTH
A2: thecaseforgrowth.com
A4: MONTHLY PERFORMANCE SUMMARY
A6: Update dates in formulas to match your tracking period
A8: Month | B8: Total Leads | C8: Consultations | D8: Signed Clients | E8: Conversion Rate | F8: Revenue
A9: January 2025 | B9: 0 | C9: 0 | D9: 0 | E9: =IF(B9>0,D9/B9,0) | F9: 0
A10: February 2025 | B10: 0 | C10: 0 | D10: 0 | E10: =IF(B10>0,D10/B10,0) | F10: 0
A11: March 2025 | B11: 0 | C11: 0 | D11: 0 | E11: =IF(B11>0,D11/B11,0) | F11: 0
A12: April 2025 | B12: 0 | C12: 0 | D12: 0 | E12: =IF(B12>0,D12/B12,0) | F12: 0
A13: May 2025 | B13: 0 | C13: 0 | D13: 0 | E13: =IF(B13>0,D13/B13,0) | F13: 0
A14: June 2025 | B14: 0 | C14: 0 | D14: 0 | E14: =IF(B14>0,D14/B14,0) | F14: 0

Sheet Instructions
A2: HOW TO USE THIS TRACKER:
A4: 1. Lead Tracker Sheet:
A5: • Enter each new lead with contact details (Blue cells)
A6: • Select lead source from dropdown
A7: • Update stage as lead progresses through funnel
A8: • Estimate case value and probability of closing
A9: • Track follow-up dates to stay organized
A10: • Weighted value calculates automatically
A12: 2. Conversion Funnel Sheet:
A13: • View conversion rates at each stage
A14: • Identify bottlenecks in your process
A15: • Track drop-off rates
... A64: Book a consultation at pioneerly.com/book-consultation
